WORD_ID,VOCAB_WORD
0,http
1,use
2,list
3,email
4,get
5,mail
6,one
7,free
8,time
9,work
10,messag
11,make
12,like
13,would
14,peopl
15,inform
16,new
17,receiv
18,pleas
19,address
20,busi
21,click
22,want
23,us
24,need
25,order
26,remov
27,also
28,go
29,year
30,send
31,money
32,file
33,compani
34,system
35,name
36,wrote
37,report
38,way
39,user
40,look
41,site
42,chang
43,day
44,state
45,know
46,program
47,may
48,see
49,call
50,could
51,group
52,even
53,think
54,includ
55,linux
56,first
57,offer
58,take
59,say
60,servic
61,right
62,world
63,tri
64,help
65,find
66,internet
67,market
68,product
69,mani
70,much
71,home
72,said
73,web
74,softwar
75,problem
76,date
77,line
78,spam
79,start
80,check
81,number
82,run
83,good
84,thing
85,link
86,well
87,subject
88,phone
89,interest
90,govern
91,person
92,provid
93,set
94,today
95,come
96,give
97,million
98,best
99,server
100,follow
101,back
102,form
103,rate
104,month
105,everi
106,secur
107,gener
108,price
109,url
110,still
111,comput
112,packag
113,instal
114,avail
115,sent
116,code
117,life
118,commun
119,version
120,read
121,sinc
122,ad
123,grant
124,maintain
125,sponsor
126,thank
127,network
128,credit
129,two
130,differ
131,without
132,made
133,develop
134,support
135,within
136,week
137,write
138,save
139,realli
140,case
141,page
142,subscript
143,someth
144,irish
145,current
146,un
147,last
148,anyon
149,onlin
150,complet
151,sure
152,seem
153,card
154,requir
155,build
156,custom
157,manag
158,never
159,de
160,ilug
161,better
162,window
163,special
164,keep
165,ca
166,point
167,place
168,search
169,anoth
170,per
171,found
172,access
173,actual
174,repli
175,result
176,contact
177,question
178,part
179,base
180,listmast
181,futur
182,issu
183,old
184,put
185,wish
186,next
187,long
188,let
189,countri
190,live
191,hour
192,must
193,end
194,invest
195,mean
196,easi
197,process
198,unsubscrib
199,lot
200,unit
201,great
202,got
203,guarante
204,account
205,show
206,technolog
207,nation
208,might
209,power
210,releas
211,legal
212,cost
213,data
214,allow
215,sourc
216,success
217,news
218,engin
219,possibl
220,trade
221,profession
222,idea
223,increas
224,post
225,ask
226,advertis
227,pay
228,public
229,error
230,open
231,websit
232,test
233,opportun
234,real
235,sell
236,ever
237,less
238,respons
239,insur
240,plan
241,design
242,tell
243,visit
244,creat
245,word
246,buy
247,howev
248,prefer
249,reason
250,heaven
251,effect
252,someon
253,aug
254,cd
255,sale
256,law
257,improv
258,applic
259,instead
260,around
261,fact
262,least
263,box
264,dollar
265,ye
266,rpm
267,fix
268,american
269,job
270,copi
271,probabl
272,simpl
273,cours
274,origin
275,believ
276,fax
277,contain
278,move
279,type
280,happen
281,though
282,friend
283,littl
284,total
285,financi
286,share
287,welcom
288,request
289,add
290,exampl
291,client
292,els
293,abl
294,perl
295,format
296,valu
297,anyth
298,alway
299,simpli
300,high
301,alreadi
302,protect
303,fill
304,full
305,cash
306,feel
307,mailto
308,directori
309,import
310,regard
311,stop
312,bit
313,purchas
314,licens
315,signatur
316,note
317,experi
318,polici
319,intern
320,answer
321,exist
322,return
323,updat
324,past
325,learn
326,famili
327,info
328,sep
329,top
330,geek
331,becom
332,ship
333,age
334,act
335,lead
336,instruct
337,small
338,drive
339,suppli
340,second
341,control
342,databas
343,member
344,select
345,low
346,thousand
347,recent
348,incom
349,featur
350,citi
351,etc
352,stuff
353,limit
354,minut
355,done
356,yet
357,industri
358,turn
359,sever
360,appli
361,folder
362,tool
363,continu
364,understand
365,detail
366,c
367,guid
368,everyth
369,noth
370,step
371,exmh
372,notic
373,oper
374,enough
375,big
376,claim
377,care
378,e
379,sign
380,caus
381,letter
382,univers
383,larg
384,key
385,three
386,hard
387,thinkgeek
388,other
389,connect
390,bill
391,record
392,discuss
393,thu
394,accept
395,term
396,via
397,specif
398,pgp
399,offic
400,play
401,talk
402,option
403,text
404,america
405,mayb
406,immedi
407,direct
408,deal
409,download
410,major
411,seen
412,forc
413,hope
414,subscrib
415,comment
416,kind
417,thought
418,individu
419,decid
420,rule
421,lose
422,log
423,plu
424,natur
425,method
426,matter
427,true
428,risk
429,either
430,yahoo
431,rememb
432,assist
433,content
434,rather
435,quot
436,present
437,mime
438,away
439,wait
440,r
441,bank
442,fund
443,kernel
444,local
445,hand
446,project
447,secret
448,hundr
449,loan
450,train
451,level
452,matthia
453,corpor
454,research
455,consid
456,razor
457,area
458,book
459,forward
460,august
461,addit
462,root
463,stori
464,polit
465,machin
466,benefit
467,bad
468,standard
469,target
470,war
471,quit
472,entir
473,suggest
474,document
475,copyright
476,appear
477,global
478,presid
479,bodi
480,author
481,bug
482,posit
483,often
484,expect
485,mind
486,center
487,human
488,distribut
489,juli
490,septemb
491,grow
492,ago
493,jul
494,qualiti
495,hit
496,trust
497,size
498,partner
499,easili
500,absolut
501,island
502,agent
503,whether
504,love
505,pm
506,activ
507,join
508,b
509,given
510,involv
511,collect
512,solut
513,amount
514,happi
515,associ
516,fast
517,domain
518,charg
519,promot
520,man
521,whole
522,dvd
523,earn
524,far
525,sort
526,later
527,parti
528,fork
529,hi
530,feder
531,submit
532,mortgag
533,upon
534,meet
535,wed
536,potenti
537,refer
538,wrong
539,enter
540,nice
541,load
542,tm
543,almost
544,john
545,publish
546,singl
547,wonder
548,social
549,transact
550,econom
551,red
552,discov
553,reach
554,everyon
555,close
556,view
557,fail
558,pass
559,execut
560,sound
561,depend
562,privat
563,perform
564,women
565,profit
566,broadcast
567,attack
568,newslett
569,paid
570,automat
571,relat
572,statement
573,effort
574,contract
575,delet
576,media
577,mark
578,foreign
579,begin
580,compil
581,final
582,sequenc
583,miss
584,regist
585,bush
586,spamassassin
587,x
588,figur
589,cell
590,handl
591,stock
592,command
593,header
594,action
595,similar
596,locat
597,game
598,tuesday
599,pick
600,display
601,transfer
602,templ
603,wo
604,hat
605,disk
606,digit
607,chri
608,produc
609,event
610,soon
611,known
612,track
613,print
614,articl
615,longer
616,tax
617,properti
618,function
619,mention
620,pretti
621,toner
622,store
623,default
624,men
625,commiss
626,dear
627,debt
628,pc
629,oblig
630,hous
631,sun
632,upgrad
633,respect
634,microsoft
635,due
636,script
637,organ
638,enenkio
639,bulk
640,imag
641,administr
642,payment
643,weight
644,along
645,freedom
646,daili
647,health
648,bonu
649,practic
650,net
651,usa
652,billion
653,worth
654,propos
655,offici
656,cartridg
657,capit
658,resourc
659,came
660,strategi
661,languag
662,anyway
663,late
664,half
665,leav
666,platform
667,exactli
668,concern
669,street
670,clear
671,remain
672,assum
673,html
674,devic
675,lost
676,car
677,tire
678,la
679,ok
680,review
681,ignor
682,head
683,interact
684,tue
685,respond
686,went
687,hear
688,tablet
689,taken
690,deliv
691,independ
692,configur
693,perhap
694,clean
695,bring
696,compar
697,qualifi
698,averag
699,space
700,fine
701,press
702,watch
703,invok
704,expens
705,short
706,school
707,retail
708,recommend
709,fee
710,n
711,membership
712,field
713,enabl
714,host
715,memori
716,fall
717,consult
718,huge
719,guess
720,edit
721,extrem
722,suit
723,usual
724,xml
725,choos
726,warn
727,advantag
728,common
729,agre
730,except
731,port
732,en
733,region
734,materi
735,normal
736,abil
737,educ
738,side
739,basic
740,announc
741,fri
742,dream
743,drop
744,five
745,although
746,guy
747,paper
748,cheer
749,item
750,le
751,told
752,growth
753,confidenti
754,hold
755,vulner
756,main
757,readi
758,spend
759,model
760,replac
761,win
762,electron
763,left
764,face
765,interfac
766,unseen
767,studi
768,reserv
769,altern
770,loss
771,mon
772,accord
773,safe
774,kingdom
775,intend
776,choic
777,approv
778,implement
779,rest
780,multipl
781,histori
782,oz
783,id
784,commerci
785,situat
786,moment
787,extra
788,chanc
789,quick
790,togeth
791,combin
792,insid
793,section
794,employ
795,investig
796,pictur
797,initi
798,coupl
799,purpos
800,goe
801,msg
802,confirm
803,advanc
804,monday
805,avoid
806,court
807,break
808,j
809,util
810,unless
811,across
812,burn
813,object
814,fals
815,particular
816,energi
817,score
818,express
819,india
820,male
821,societi
822,et
823,video
824,indic
825,took
826,owner
827,sens
828,count
829,p
830,filter
831,speed
832,correct
833,directli
834,agenc
835,die
836,variou
837,anywher
838,procedur
839,four
840,profil
841,match
842,ventur
843,uniqu
844,gpl
845,black
846,especi
847,seek
848,period
849,piec
850,sex
851,consum
852,kevin
853,whatev
854,certain
855,behalf
856,spammer
857,investor
858,class
859,adam
860,explain
861,color
862,knowledg
863,setup
864,popul
865,gain
866,tip
867,remot
868,cut
869,oh
870,latest
871,atol
872,dagga
873,militari
874,unison
875,ftp
876,block
877,south
878,marshal
879,googl
880,gari
881,unix
882,lawrenc
883,tv
884,patch
885,shop
886,team
887,smoke
888,valuabl
889,switch
890,establish
891,aaaaaaaaaaaaaaaaaaaaaaaaaaaaaaaaaaaaaaaaaaaaaaaaaaaaaaaaaaaaaaaaaaaaaaaaaaaa
892,java
893,imagin
894,ragga
895,integr
896,prevent
897,robert
898,prepar
899,attempt
900,boot
901,third
902,privaci
903,particip
904,folk
905,will
906,heard
907,sorri
908,manual
909,hardwar
910,sometim
911,necessari
912,bottl
913,york
914,screen
915,tag
916,congress
917,reduc
918,saou
919,night
920,china
921,sa
922,fastest
923,certainli
924,valid
925,stand
926,depart
927,backup
928,cover
929,enjoy
930,suppos
931,obtain
932,regul
933,mass
934,path
935,seriou
936,goal
937,driver
938,alb
939,botan
940,competit
941,lower
942,amaz
943,capabl
944,h
945,speak
946,land
947,promis
948,fulli
949,poor
950,medic
951,traffic
952,lowest
953,scienc
954,introduc
955,deathtospamdeathtospamdeathtospam
956,apolog
957,extend
958,movi
959,defin
960,describ
961,troubl
962,paul
963,titl
964,exchang
965,cv
966,film
967,neg
968,easier
969,os
970,wireless
971,f
972,osdn
973,decis
974,sender
975,rang
976,approach
977,death
978,technic
979,murphi
980,six
981,predict
982,earli
983,quickli
984,commit
985,beberg
986,fortun
987,white
988,fat
989,redhat
990,written
991,worri
992,king
993,kill
994,telephon
995,sold
996,im
997,uk
998,firm
999,michael
1000,music
1001,apt
1002,mobil
1003,ham
1004,judgment
1005,seventh
1006,economi
1007,father
1008,premium
1009,desir
1010,north
1011,ensur
1012,attach
1013,opinion
1014,player
1015,faster
1016,librari
1017,definit
1018,achiev
1019,argument
1020,appar
1021,button
1022,adult
1023,archiv
1024,travel
1025,enterpris
1026,bar
1027,separ
1028,techniqu
1029,cooper
1030,threat
1031,demand
1032,deserv
1033,board
1034,browser
1035,modul
1036,condit
1037,outsid
1038,anim
1039,hello
1040,david
1041,terrorist
1042,stay
1043,dave
1044,elimin
1045,wide
1046,attent
1047,estat
1048,enhanc
1049,virtual
1050,drug
1051,wall
1052,repres
1053,determin
1054,expert
1055,children
1056,cabl
1057,pain
1058,held
1059,declar
1060,monthli
1061,environ
1062,sincer
1063,gnupg
1064,modifi
1065,washington
1066,kid
1067,permiss
1068,danger
1069,signific
1070,fun
1071,l
1072,confid
1073,iii
1074,g
1075,w
1076,relev
1077,canada
1078,rich
1079,programm
1080,cat
1081,diet
1082,sum
1083,air
1084,exclus
1085,cc
1086,equip
1087,none
1088,forev
1089,proven
1090,popular
1091,excel
1092,justin
1093,bottom
1094,bitbitch
1095,usd
1096,expand
1097,paragraph
1098,central
1099,centuri
1100,skip
1101,sexual
1102,factor
1103,friday
1104,string
1105,relationship
1106,anybodi
1107,monitor
1108,identifi
1109,challeng
1110,near
1111,director
1112,asset
1113,terror
1114,behind
1115,toward
1116,excit
1117,appreci
1118,perfect
1119,confer
1120,exercis
1121,girl
1122,unsolicit
1123,defens
1124,whose
1125,among
1126,citizen
1127,rais
1128,progress
1129,discoveri
1130,rh
1131,fit
1132,sampl
1133,west
1134,thread
1135,rel
1136,road
1137,difficult
1138,hettinga
1139,spain
1140,illeg
1141,photo
1142,intellig
1143,colleg
1144,entri
1145,lender
1146,partit
1147,acquir
1148,reader
1149,seri
1150,solv
1151,william
1152,tie
1153,strong
1154,confus
1155,earth
1156,octob
1157,serv
1158,chief
1159,stupid
1160,refin
1161,smart
1162,european
1163,largest
1164,fair
1165,verifi
1166,tree
1167,instant
1168,measur
1169,extract
1170,mode
1171,french
1172,san
1173,built
1174,peac
1175,regular
1176,equival
1177,sweet
1178,slow
1179,mac
1180,reliabl
1181,procmail
1182,resid
1183,conveni
1184,laptop
1185,lock
1186,oct
1187,inlin
1188,datapow
1189,suse
1190,categori
1191,tradit
1192,brian
1193,dead
1194,tim
1195,africa
1196,warranti
1197,graphic
1198,front
1199,voic
1200,europ
1201,cach
1202,leader
1203,deliveri
1204,ident
1205,realiz
1206,pattern
1207,annuiti
1208,useless
1209,capillari
1210,ten
1211,emerg
1212,evid
1213,femal
1214,occur
1215,statu
1216,desktop
1217,campaign
1218,gnu
1219,art
1220,compat
1221,fire
1222,young
1223,gift
1224,abus
1225,cultur
1226,therefor
1227,concept
1228,institut
1229,physic
1230,revenu
1231,herba
1232,satellit
1233,previous
1234,higher
1235,convers
1236,deposit
1237,thursday
1238,brand
1239,launch
1240,aid
1241,walk
1242,june
1243,inde
1244,ms
1245,concentr
1246,roll
1247,degre
1248,nigeria
1249,contribut
1250,otherwis
1251,doubt
1252,wife
1253,pacif
1254,compet
1255,arriv
1256,former
1257,background
1258,echo
1259,carri
1260,repositori
1261,indian
1262,unlimit
1263,honor
1264,yeah
1265,forget
1266,weapon
1267,classifi
1268,recipi
1269,conflict
1270,token
1271,fight
1272,listen
1273,critic
1274,affili
1275,discount
1276,unfortun
1277,sat
1278,extens
1279,isp
1280,tech
1281,app
1282,percent
1283,powel
1284,storag
1285,surpris
1286,password
1287,civil
1288,succeed
1289,hot
1290,basi
1291,water
1292,sit
1293,effici
1294,detect
1295,assur
1296,jabber
1297,hermio
1298,sleep
1299,intro
1300,substanti
1301,output
1302,printer
1303,alsa
1304,garrigu
1305,kept
1306,panel
1307,descript
1308,ip
1309,jm
1310,scan
1311,pull
1312,menu
1313,mine
1314,worldwid
1315,proprietari
1316,catch
1317,attract
1318,tabl
1319,light
1320,enemi
1321,inc
1322,pudg
1323,joe
1324,disabl
1325,wednesday
1326,revers
1327,god
1328,nobodi
1329,advic
1330,index
1331,saw
1332,truth
1333,v
1334,euro
1335,seven
1336,vendor
1337,gone
1338,patent
1339,structur
1340,manufactur
1341,analysi
1342,agreement
1343,specifi
1344,jame
1345,alon
1346,teach
1347,lack
1348,morn
1349,vote
1350,decad
1351,room
1352,franc
1353,k
1354,cool
1355,balanc
1356,obvious
1357,boston
1358,gold
1359,wast
1360,charact
1361,whitelist
1362,california
1363,awar
1364,editor
1365,polic
1366,zip
1367,innov
1368,treat
1369,construct
1370,tom
1371,theori
1372,financ
1373,highli
1374,u
1375,insert
1376,career
1377,ga
1378,clue
1379,journal
1380,temperatur
1381,trick
1382,ultim
1383,gcc
1384,int
1385,greater
1386,flag
1387,incred
1388,touch
1389,constitut
1390,afford
1391,son
1392,middl
1393,spec
1394,impress
1395,encourag
1396,ebay
1397,attorney
1398,cent
1399,brain
1400,anymor
1401,usag
1402,peni
1403,correspond
1404,wake
1405,blank
1406,larger
1407,greg
1408,summari
1409,annual
1410,mechan
1411,previou
1412,trial
1413,blood
1414,input
1415,hp
1416,master
1417,dan
1418,mother
1419,jim
1420,boy
1421,democrat
1422,suffer
1423,cbyi
1424,el
1425,stream
1426,urgent
1427,hate
1428,mike
1429,advis
1430,focu
1431,perman
1432,cheap
1433,pound
1434,underwrit
1435,suspect
1436,php
1437,skeptic
1438,judg
1439,smtp
1440,mostli
1441,flow
1442,varieti
1443,star
1444,particularli
1445,speech
1446,delay
1447,percentag
1448,vacat
1449,dynam
1450,obviou
1451,mistak
1452,wealth
1453,instanc
1454,behavior
1455,destruct
1456,binari
1457,keyboard
1458,super
1459,toni
1460,comfort
1461,dark
1462,eye
1463,earlier
1464,warm
1465,republ
1466,telecom
1467,reveal
1468,ban
1469,woman
1470,termin
1471,ireland
1472,rock
1473,arm
1474,firewal
1475,affect
1476,rick
1477,mailer
1478,laserjet
1479,channel
1480,se
1481,char
1482,essenti
1483,heart
1484,steve
1485,tend
1486,english
1487,knew
1488,motiv
1489,rss
1490,consolid
1491,btw
1492,alli
1493,vipul
1494,skill
1495,floppi
1496,consist
1497,recogn
1498,domest
1499,principl
1500,prospect
1501,wing
1502,prompt
1503,beta
1504,style
1505,highlight
1506,estim
1507,lawyer
1508,core
1509,pack
1510,magazin
1511,invit
1512,pipe
1513,lifetim
1514,somewher
1515,unlik
1516,gnome
1517,eventu
1518,opt
1519,dell
1520,defend
1521,nearli
1522,bonus
1523,staff
1524,comprehens
1525,planta
1526,vehicl
1527,beat
1528,task
1529,role
1530,ftoc
1531,sensit
1532,fl
1533,modem
1534,modern
1535,histor
1536,clearli
1537,restor
1538,hair
1539,roman
1540,pocket
1541,python
1542,eat
1543,ground
1544,march
1545,audio
1546,despit
1547,food
1548,dn
1549,teledynam
1550,babi
1551,map
1552,biggest
1553,picasso
1554,strongli
1555,commentari
1556,suck
1557,eval
1558,complianc
1559,fresh
1560,strength
1561,revis
1562,impact
1563,convert
1564,bind
1565,favor
1566,peter
1567,met
1568,british
1569,exploit
1570,interview
1571,mlm
1572,dragon
1573,conserv
1574,senior
1575,coverag
1576,config
1577,shown
1578,minimum
1579,employe
1580,everybodi
1581,stabl
1582,failur
1583,mailbox
1584,protocol
1585,beyond
1586,gave
1587,dont
1588,doctor
1589,liber
1590,spot
1591,truli
1592,equal
1593,font
1594,mile
1595,permit
1596,instantli
1597,texa
1598,brought
1599,optim
1600,q
1601,consider
1602,visa
1603,typic
1604,tape
1605,tx
1606,synchron
1607,auto
1608,reli
1609,signal
1610,calcul
1611,draw
1612,exact
1613,proper
1614,geeg
1615,led
1616,worst
1617,expir
1618,showcas
1619,startup
1620,distanc
1621,chines
1622,translat
1623,crash
1624,al
1625,variabl
1626,dial
1627,revok
1628,favorit
1629,finish
1630,extern
1631,prove
1632,spent
1633,broker
1634,stylu
1635,neighbor
1636,annoy
1637,plant
1638,crimin
1639,evil
1640,hidden
1641,imposs
1642,yesterday
1643,boss
1644,retriev
1645,ran
1646,acknowledg
1647,feet
1648,sir
1649,foundat
1650,strang
1651,artist
1652,bearer
1653,bigger
1654,pop
1655,rare
1656,netscap
1657,z
1658,repair
1659,sole
1660,hotel
1661,hack
1662,equiti
1663,properli
1664,edward
1665,safeti
1666,guidelin
1667,somebodi
1668,sport
1669,hell
1670,autom
1671,planet
1672,scientist
1673,portion
1674,england
1675,beauti
1676,serious
1677,evalu
1678,rob
1679,poverti
1680,rebuild
1681,climat
1682,minor
1683,spread
1684,ii
1685,strip
1686,sunday
1687,chicago
1688,push
1689,iiu
1690,bell
1691,antiqu
1692,station
1693,scheme
1694,restrict
1695,explor
1696,gentl
1697,correctli
1698,hire
1699,prescript
1700,summer
1701,jump
1702,lie
1703,primari
1704,student
1705,headlin
1706,vou
1707,entertain
1708,mount
1709,becam
1710,diseas
1711,radio
1712,fundament
1713,lo
1714,shape
1715,para
1716,epson
1717,threaten
1718,currenc
1719,recruit
1720,mainten
1721,hang
1722,resum
1723,laser
1724,merchant
1725,husband
1726,seed
1727,craig
1728,happier
1729,recal
1730,architectur
1731,spamd
1732,proxi
1733,damag
1734,herb
1735,protest
1736,disclaim
1737,viagra
1738,stick
1739,prioriti
1740,feroc
1741,exit
1742,buyer
1743,remedi
1744,corpu
1745,sendmail
1746,vast
1747,muscl
1748,settlement
1749,plug
1750,van
1751,doubl
1752,ticket
1753,fantasi
1754,moor
1755,prior
1756,reg
1757,creativ
1758,wors
1759,somehow
1760,western
1761,camera
1762,disappear
1763,angl
1764,hall
1765,green
1766,ssh
1767,faith
1768,georg
1769,feedback
1770,dozen
1771,luck
1772,laugh
1773,realiti
1774,anonym
1775,batteri
1776,reject
1777,norton
1778,aspect
1779,hormon
1780,broken
1781,pour
1782,tel
1783,usb
1784,feed
1785,supplement
1786,child
1787,kathmandu
1788,seminar
1789,bother
1790,oil
1791,symbol
1792,parent
1793,shall
1794,arrang
1795,doc
1796,appeal
1797,argu
1798,convent
1799,eugen
1800,authent
1801,substanc
1802,shot
1803,encrypt
1804,committe
1805,acceler
1806,entrepreneur
1807,democraci
1808,perfectli
1809,allianc
1810,phrase
1811,neither
1812,park
1813,slightli
1814,legitim
1815,statist
1816,serial
1817,electr
1818,shock
1819,sponsorship
1820,convinc
1821,observ
1822,à
1823,mozilla
1824,random
1825,funni
1826,frame
1827,resolv
1828,merg
1829,queri
1830,highest
1831,east
1832,hey
1833,barcelona
1834,empir
1835,door
1836,solari
1837,refund
1838,edg
1839,nort
1840,edificio
1841,award
1842,auction
1843,appropri
1844,strictli
1845,meant
1846,ie
1847,pressur
1848,surviv
1849,bear
1850,lesson
1851,aphrodisia
1852,daniel
1853,capac
1854,damn
1855,fear
1856,kelli
1857,union
1858,repeat
1859,smaller
1860,tomorrow
1861,hunt
1862,volum
1863,carrier
1864,stabil
1865,survey
1866,postal
1867,arrest
1868,aggress
1869,farquhar
1870,amend
1871,banner
1872,owen
1873,mr
1874,odd
1875,virus
1876,weekend
1877,alter
1878,strike
1879,te
1880,pablo
1881,declin
1882,fairli
1883,herbal
1884,mason
1885,trip
1886,twice
1887,bought
1888,compon
1889,ah
1890,appl
1891,duplic
1892,prosaka
1893,welch
1894,promiscu
1895,cancel
1896,zero
1897,licenc
1898,easiest
1899,winner
1900,inbox
1901,cold
1902,violat
1903,gmt
1904,complain
1905,harm
1906,januari
1907,exclud
1908,nt
1909,testimoni
1910,race
1911,bandwidth
1912,honest
1913,mirror
1914,deni
1915,formula
1916,farm
1917,algorithm
1918,blog
1919,round
1920,bunch
1921,ratio
1922,genet
1923,mh
1924,nativ
1925,pill
1926,presum
1927,vari
1928,hmm
1929,scam
1930,viru
1931,debian
1932,reduct
1933,spray
1934,md
1935,audienc
1936,austin
1937,approxim
1938,tab
1939,iraq
1940,â
1941,brief
1942,vjestika
1943,label
1944,compens
1945,club
1946,martin
1947,possess
1948,gay
1949,sea
1950,analyst
1951,partnership
1952,precis
1953,reboot
1954,renew
1955,gibbon
1956,bankruptci
1957,elsewher
1958,split
1959,mous
1960,blue
1961,deploy
1962,roger
1963,grand
1964,envelop
1965,saturday
1966,weekli
1967,massiv
1968,msgid
1969,gordon
1970,dramat
1971,plugin
1972,buffer
1973,processor
1974,invent
1975,porn
1976,lift
1977,reward
1978,aol
1979,prohibit
1980,agreeabl
1981,anytim
1982,dig
1983,that
1984,millionair
1985,environment
1986,inspir
1987,apart
1988,complex
1989,fuck
1990,engag
1991,flash
1992,sm
1993,retir
1994,religion
1995,inconveni
1996,ibm
1997,adopt
1998,ps
1999,writer
2000,cancer
2001,infrastructur
2002,empti
2003,collabor
2004,nvidia
2005,rohit
2006,northern
2007,ministri
2008,assembl
2009,justic
2010,schedul
2011,thoma
2012,satisfi
2013,conduct
2014,shell
2015,solicit
2016,harley
2017,length
2018,african
2019,plenti
2020,cycl
2021,own
2022,farmer
2023,candid
2024,enforc
2025,mere
2026,img
2027,encount
2028,duncan
2029,onto
2030,self
2031,bound
2032,distro
2033,rose
2034,began
2035,swap
2036,acquisit
2037,excess
2038,experienc
2039,clock
2040,rout
2041,henc
2042,conclud
2043,wholesal
2044,domin
2045,attend
2046,demonstr
2047,straight
2048,kate
2049,liter
2050,deep
2051,homeown
2052,guido
2053,scale
2054,famou
2055,televis
2056,pointer
2057,minim
2058,transform
2059,throw
2060,grab
2061,russian
2062,prosper
2063,newspap
2064,evolv
2065,london
2066,registr
2067,elect
2068,christian
2069,receipt
2070,wave
2071,boost
2072,buck
2073,oppos
2074,glad
2075,lawsuit
2076,unabl
2077,murder
2078,niall
2079,context
2080,rank
2081,preserv
2082,toll
2083,chat
2084,hors
2085,mix
2086,colleagu
2087,remark
2088,assert
2089,corrupt
2090,loop
2091,russia
2092,religi
2093,co
2094,attain
2095,blame
2096,entiti
2097,proof
2098,skin
2099,valhalla
2100,crime
2101,resel
2102,routin
2103,da
2104,tast
2105,newsgroup
2106,destroy
2107,mathemat
2108,asia
2109,glm
2110,tune
2111,marshalles
2112,inkjet
2113,scientif
2114,icq
2115,replica
2116,webmast
2117,paypal
2118,forest
2119,passphras
2120,habea
2121,accur
2122,brent
2123,abacha
2124,numer
2125,vircio
2126,moral
2127,yield
2128,mountain
2129,na
2130,chart
2131,heavi
2132,bless
2133,hint
2134,null
2135,hash
2136,ben
2137,column
2138,song
2139,victim
2140,bu
2141,yellow
2142,sheet
2143,throughout
2144,regardless
2145,jar
2146,joseph
2147,frequent
2148,rise
2149,embed
2150,po
2151,formal
2152,visitor
2153,brother
2154,incompat
2155,town
2156,trace
2157,pro
2158,mess
2159,pure
2160,labor
2161,classic
2162,aim
2163,logic
2164,bay
2165,limbo
2166,amateur
2167,remind
2168,chip
2169,consequ
2170,drink
2171,freebsd
2172,branch
2173,dog
2174,topic
2175,decemb
2176,privileg
2177,ladi
2178,export
2179,prize
2180,crap
2181,syntax
2182,spirit
2183,il
2184,spamtrap
2185,focus
2186,smoker
2187,est
2188,exceed
2189,violenc
2190,gambl
2191,joke
2192,satisfact
2193,adapt
2194,worker
2195,exhibit
2196,opposit
2197,felt
2198,coast
2199,assign
2200,pars
2201,imho
2202,negoti
2203,que
2204,batch
2205,specialist
2206,incorpor
2207,stage
2208,lib
2209,tremend
2210,pa
2211,stamp
2212,fan
2213,pursu
2214,appoint
2215,byte
2216,cheaper
2217,vice
2218,circumst
2219,complic
2220,battl
2221,affair
2222,entitl
2223,riaa
2224,lover
2225,boundari
2226,jodi
2227,admit
2228,airlin
2229,chairman
2230,goto
2231,keyword
2232,okay
2233,unwant
2234,bet
2235,ui
2236,trivial
2237,kit
2238,sur
2239,sophist
2240,alert
2241,older
2242,florida
2243,unknown
2244,struggl
2245,dublin
2246,caught
2247,alan
2248,compress
2249,strengthen
2250,moder
2251,intel
2252,compel
2253,gather
2254,loos
2255,truck
2256,liberti
2257,margin
2258,transmiss
2259,mastercard
2260,wear
2261,penni
2262,album
2263,ved
2264,surfac
2265,sector
2266,owe
2267,belief
2268,pioneer
2269,muslim
2270,australia
2271,ahead
2272,ideal
2273,trend
2274,airport
2275,ownership
2276,britain
2277,hole
2278,disclosur
2279,msn
2280,stress
2281,dump
2282,encod
2283,lay
2284,outlook
2285,stephen
2286,dice
2287,wa
2288,overal
2289,majesti
2290,mplayer
2291,pickl
2292,marri
2293,maker
2294,reform
2295,maximum
2296,assumpt
2297,palestinian
2298,raw
2299,adjust
2300,weather
2301,refus
2302,scott
2303,suffici
2304,weak
2305,relay
2306,jack
2307,tin
2308,ice
2309,timeout
2310,egg
2311,portabl
2312,sentenc
2313,influenc
2314,wealthi
2315,curv
2316,chain
2317,captur
2318,finger
2319,ne
2320,schuman
2321,magic
2322,propag
2323,hawaii
2324,debug
2325,lilo
2326,submiss
2327,session
2328,mandat
2329,frustrat
2330,silli
2331,trademark
2332,astronom
2333,depress
2334,endeavor
2335,ou
2336,vision
2337,admin
2338,weird
2339,holiday
2340,dinosaur
2341,patrick
2342,whatsoev
2343,explan
2344,catalog
2345,bone
2346,spring
2347,retain
2348,crack
2349,shout
2350,heck
2351,fli
2352,inexpens
2353,mysql
2354,gpg
2355,movement
2356,ar
2357,unusu
2358,outstand
2359,belong
2360,casino
2361,rah
2362,ram
2363,besid
2364,minist
2365,speaker
2366,buri
2367,latter
2368,api
2369,circl
2370,bomb
2371,hacker
2372,rapidli
2373,intellectu
2374,spambay
2375,tower
2376,randomli
2377,hospit
2378,settl
2379,ethic
2380,francisco
2381,scratch
2382,virginia
2383,corner
2384,constant
2385,theme
2386,hide
2387,greatest
2388,ez
2389,proceed
2390,thirti
2391,fuel
2392,iroijlaplap
2393,openssl
2394,recognit
2395,celebr
2396,scholarship
2397,joint
2398,igtt
2399,organis
2400,necessarili
2401,du
2402,xxx
2403,jeremi
2404,ir
2405,plane
2406,germani
2407,ce
2408,lean
2409,formul
2410,snore
2411,ton
2412,prob
2413,intent
2414,preced
2415,tivo
2416,twenti
2417,pentium
2418,abandon
2419,expos
2420,richard
2421,conclus
2422,tweak
2423,element
2424,relax
2425,recov
2426,fp
2427,draft
2428,greet
2429,german
2430,armi
2431,une
2432,dr
2433,japan
2434,harvest
2435,season
2436,openssh
2437,framework
2438,bsd
2439,forum
2440,wild
2441,es
2442,jurisdict
2443,arg
2444,marriag
2445,maxim
2446,trader
2447,scenario
2448,burner
2449,leas
2450,rm
2451,scope
2452,potent
2453,anthoni
2454,flight
2455,ratak
2456,magnitud
2457,murjel
2458,hook
2459,commerc
2460,pci
2461,notifi
2462,raid
2463,everywher
2464,dedic
2465,milter
2466,crazi
2467,maxaman
2468,decreas
2469,quarter
2470,freez
2471,subsequ
2472,mutual
2473,angel
2474,boom
2475,bond
2476,pleasur
2477,telecommun
2478,asian
2479,shoot
2480,contest
2481,tobacco
2482,council
2483,till
2484,invalid
2485,render
2486,capitalist
2487,zone
2488,con
2489,advisor
2490,distributor
2491,layer
2492,ximian
2493,fashion
2494,elig
2495,bob
2496,occasion
2497,bullet
2498,steven
2499,analog
